{ "frames": {
   "0": {
    "frame": { "x": 0, "y": 0, "w": 128, "h": 128 },
    "rotated": false,
    "trimmed": false,
    "spriteSourceSize": { "x": 0, "y": 0, "w": 128, "h": 128 },
    "sourceSize": { "w": 128, "h": 128 },
    "duration": 500
   },
   "1": {
    "frame": { "x": 128, "y": 0, "w": 128, "h": 128 },
    "rotated": false,
    "trimmed": false,
    "spriteSourceSize": { "x": 0, "y": 0, "w": 128, "h": 128 },
    "sourceSize": { "w": 128, "h": 128 },
    "duration": 500
   },
   "2": {
    "frame": { "x": 256, "y": 0, "w": 128, "h": 128 },
    "rotated": false,
    "trimmed": false,
    "spriteSourceSize": { "x": 0, "y": 0, "w": 128, "h": 128 },
    "sourceSize": { "w": 128, "h": 128 },
    "duration": 500
   }
 },
 "meta": {
  "app": "http://www.aseprite.org/",
  "version": "1.3.14.4-x64",
  "image": "cell.png",
  "format": "RGBA8888",
  "size": { "w": 384, "h": 128 },
  "scale": "1",
  "frameTags": [
   { "name": "swim2", "from": 0, "to": 2, "direction": "forward", "color": "#000000ff" }
  ],
  "layers": [
   { "name": "Layer 5", "opacity": 255, "blendMode": "normal" }
  ],
  "slices": [
  ]
 }
}
