{ "frames": {
   "0": {
    "frame": { "x": 0, "y": 0, "w": 128, "h": 128 },
    "rotated": false,
    "trimmed": false,
    "spriteSourceSize": { "x": 0, "y": 0, "w": 128, "h": 128 },
    "sourceSize": { "w": 128, "h": 128 },
    "duration": 500
   },
   "1": {
    "frame": { "x": 128, "y": 0, "w": 128, "h": 128 },
    "rotated": false,
    "trimmed": false,
    "spriteSourceSize": { "x": 0, "y": 0, "w": 128, "h": 128 },
    "sourceSize": { "w": 128, "h": 128 },
    "duration": 500
   },
   "2": {
    "frame": { "x": 256, "y": 0, "w": 128, "h": 128 },
    "rotated": false,
    "trimmed": false,
    "spriteSourceSize": { "x": 0, "y": 0, "w": 128, "h": 128 },
    "sourceSize": { "w": 128, "h": 128 },
    "duration": 500
   },
   "3": {
    "frame": { "x": 384, "y": 0, "w": 128, "h": 128 },
    "rotated": false,
    "trimmed": false,
    "spriteSourceSize": { "x": 0, "y": 0, "w": 128, "h": 128 },
    "sourceSize": { "w": 128, "h": 128 },
    "duration": 500
   },
   "4": {
    "frame": { "x": 512, "y": 0, "w": 128, "h": 128 },
    "rotated": false,
    "trimmed": false,
    "spriteSourceSize": { "x": 0, "y": 0, "w": 128, "h": 128 },
    "sourceSize": { "w": 128, "h": 128 },
    "duration": 500
   },
   "5": {
    "frame": { "x": 640, "y": 0, "w": 128, "h": 128 },
    "rotated": false,
    "trimmed": false,
    "spriteSourceSize": { "x": 0, "y": 0, "w": 128, "h": 128 },
    "sourceSize": { "w": 128, "h": 128 },
    "duration": 500
   },
   "6": {
    "frame": { "x": 768, "y": 0, "w": 128, "h": 128 },
    "rotated": false,
    "trimmed": false,
    "spriteSourceSize": { "x": 0, "y": 0, "w": 128, "h": 128 },
    "sourceSize": { "w": 128, "h": 128 },
    "duration": 500
   },
   "7": {
    "frame": { "x": 896, "y": 0, "w": 128, "h": 128 },
    "rotated": false,
    "trimmed": false,
    "spriteSourceSize": { "x": 0, "y": 0, "w": 128, "h": 128 },
    "sourceSize": { "w": 128, "h": 128 },
    "duration": 500
   },
   "8": {
    "frame": { "x": 1024, "y": 0, "w": 128, "h": 128 },
    "rotated": false,
    "trimmed": false,
    "spriteSourceSize": { "x": 0, "y": 0, "w": 128, "h": 128 },
    "sourceSize": { "w": 128, "h": 128 },
    "duration": 500
   },
   "9": {
    "frame": { "x": 1152, "y": 0, "w": 128, "h": 128 },
    "rotated": false,
    "trimmed": false,
    "spriteSourceSize": { "x": 0, "y": 0, "w": 128, "h": 128 },
    "sourceSize": { "w": 128, "h": 128 },
    "duration": 500
   },
   "10": {
    "frame": { "x": 1280, "y": 0, "w": 128, "h": 128 },
    "rotated": false,
    "trimmed": false,
    "spriteSourceSize": { "x": 0, "y": 0, "w": 128, "h": 128 },
    "sourceSize": { "w": 128, "h": 128 },
    "duration": 500
   }
 },
 "meta": {
  "app": "http://www.aseprite.org/",
  "version": "1.3.14.4-x64",
  "image": "virus.png",
  "format": "RGBA8888",
  "size": { "w": 1408, "h": 128 },
  "scale": "1",
  "frameTags": [
   { "name": "swim", "from": 0, "to": 3, "direction": "forward", "color": "#000000ff" },
   { "name": "idle", "from": 0, "to": 0, "direction": "forward", "color": "#000000ff" },
   { "name": "float", "from": 4, "to": 10, "direction": "forward", "color": "#000000ff" },
   { "name": "balloon", "from": 10, "to": 10, "direction": "forward", "color": "#000000ff" }
  ],
  "layers": [
   { "name": "Layer 5", "opacity": 255, "blendMode": "normal" },
   { "name": "Layer 4", "opacity": 255, "blendMode": "normal" },
   { "name": "Layer 3", "opacity": 255, "blendMode": "normal" },
   { "name": "Layer 1", "opacity": 255, "blendMode": "normal" },
   { "name": "Layer 2", "opacity": 255, "blendMode": "normal" }
  ],
  "slices": [
  ]
 }
}
